Workbook

Sheet Cap Table
A1: Holder | B1: Shares
A2: Founder A | B2: 4000000
A3: Founder B | B3: 3000000
A4: Seed Investors | B4: 2000000
A5: Series A Investors | B5: 1500000
A6: Options | B6: 500000

Sheet Returns Analysis
A1: Returns Analysis
A3: Holder | B3: Shares | C3: % FD | D3: $100M | E3: $250M | F3: $500M | G3: $1B | H3: $2B
A4: Founder A | B4: ='Cap Table'!B2 -> 4000000 | C4: =B4/$B$9 -> 0.36363636 | D4: =B4*100000000/$B$9 -> 36363636 | E4: =B4*250000000/$B$9 -> 90909091 | F4: =B4*500000000/$B$9 -> 1.8181818e+08 | G4: =B4*1000000000/$B$9 -> 3.6363636e+08 | H4: =B4*2000000000/$B$9 -> 7.2727273e+08
A5: Founder B | B5: ='Cap Table'!B3 -> 3000000 | C5: =B5/$B$9 -> 0.27272727 | D5: =B5*100000000/$B$9 -> 27272727 | E5: =B5*250000000/$B$9 -> 68181818 | F5: =B5*500000000/$B$9 -> 1.3636364e+08 | G5: =B5*1000000000/$B$9 -> 2.7272727e+08 | H5: =B5*2000000000/$B$9 -> 5.4545455e+08
A6: Seed Investors | B6: ='Cap Table'!B4 -> 2000000 | C6: =B6/$B$9 -> 0.18181818 | D6: =B6*100000000/$B$9 -> 18181818 | E6: =B6*250000000/$B$9 -> 45454545 | F6: =B6*500000000/$B$9 -> 90909091 | G6: =B6*1000000000/$B$9 -> 1.8181818e+08 | H6: =B6*2000000000/$B$9 -> 3.6363636e+08
A7: Series A Investors | B7: ='Cap Table'!B5 -> 1500000 | C7: =B7/$B$9 -> 0.13636364 | D7: =B7*100000000/$B$9 -> 13636364 | E7: =B7*250000000/$B$9 -> 34090909 | F7: =B7*500000000/$B$9 -> 68181818 | G7: =B7*1000000000/$B$9 -> 1.3636364e+08 | H7: =B7*2000000000/$B$9 -> 2.7272727e+08
A8: Options | B8: ='Cap Table'!B6 -> 500000 | C8: =B8/$B$9 -> 0.045454545 | D8: =B8*100000000/$B$9 -> 4545454.5 | E8: =B8*250000000/$B$9 -> 11363636 | F8: =B8*500000000/$B$9 -> 22727273 | G8: =B8*1000000000/$B$9 -> 45454545 | H8: =B8*2000000000/$B$9 -> 90909091
A9: Totals | B9: =SUM(B4:B8) -> 11000000 | C9: =SUM(C4:C8) -> 1 | D9: =SUM(D4:D8) -> 100000000 | E9: =SUM(E4:E8) -> 250000000 | F9: =SUM(F4:F8) -> 500000000 | G9: =SUM(G4:G8) -> 1000000000 | H9: =SUM(H4:H8) -> 2000000000
